institute_name,course_name,tutor,subject,course_type,learning_format,total_hours,price,price_per_hour,url
SmartMathPro,PACK คณิต ม.6 เทอม 1+2 + พิชิตคณิตพื้นฐาน ม.6 + ปรับพื้นคณิตพิชิตม.ปลาย,พี่ปั้น SmartMathPro,คณิตศาสตร์,คอร์สแพ็กเกจ,วิดีโอ (ออนไลน์),143.0,5650.0,39.51,https://online.smartmathpro.com/product/e043/
SmartMathPro,PACK A-Level ไทย-สังคม (V.เต็ม),"อ.ขลุ่ย, ครูกอล์ฟ",อื่นๆ,คอร์สแพ็กเกจ,วิดีโอ (ออนไลน์),121.0,3390.0,28.02,https://online.smartmathpro.com/product/p021/
SmartMathPro,PACK TPAT1 (ครบ 3 พาร์ต) + A-Level คณิต 1 (V.เต็ม + ตะลุยโจทย์),"พี่ปั้น SmartMathPro, อ.ขลุ่ย, พี่หมออู๋",Mixed,คอร์สแพ็กเกจ,วิดีโอ (ออนไลน์),433.0,12350.0,28.52,https://online.smartmathpro.com/product/c029/
SmartMathPro,PACK TPAT3 (V.เต็ม) + A-Level คณิต 1 (V.เต็ม) + ฟิสิกส์ (V.เต็ม) + ภาษาอังกฤษ (V.เต็ม) + TGAT (V.เต็ม),"พี่ปั้น SmartMathPro, อ.ขลุ่ย, พี่หนู, พี่ฟาร์ม PhysicsFarm",Mixed,คอร์สแพ็กเกจ,วิดีโอ (ออนไลน์),628.0,21390.0,34.06,https://online.smartmathpro.com/product/r027/
SmartMathPro,PACK A-Level คณิต 2 (V.เต็ม) + ปรับพื้นคณิตพิชิตม.ปลาย,พี่ปั้น SmartMathPro,คณิตศาสตร์,คอร์สแพ็กเกจ,วิดีโอ (ออนไลน์),86.0,3350.0,38.95,https://online.smartmathpro.com/product/d048/
SmartMathPro,พิชิตลำดับและอนุกรม,พี่ปั้น SmartMathPro,อื่นๆ,ติวเนื้อหา/เสริมเกรด,วิดีโอ (ออนไลน์),29.0,1790.0,61.72,https://online.smartmathpro.com/product/f012/
SmartMathPro,PACK คณิต ม.5 เทอม 1+2 + พิชิตคณิตพื้นฐาน ม.5,พี่ปั้น SmartMathPro,คณิตศาสตร์,คอร์สแพ็กเกจ,วิดีโอ (ออนไลน์),130.0,5150.0,39.62,https://online.smartmathpro.com/product/e040/
SmartMathPro,"PACK TGAT (V.เต็ม + ตะลุยโจทย์ TGAT2,3)","พี่ปั้น SmartMathPro, อ.ขลุ่ย, พี่หนู",ความถนัด/TGAT/TPAT,คอร์สแพ็กเกจ,วิดีโอ (ออนไลน์),140.0,4790.0,34.21,https://online.smartmathpro.com/product/l031/
SmartMathPro,PACK A-Level ไทย-สังคม (V.เต็ม + Mock Test Vol.1),"อ.ขลุ่ย, ครูกอล์ฟ",อื่นๆ,คอร์สแพ็กเกจ,วิดีโอ (ออนไลน์),127.0,3690.0,29.06,https://online.smartmathpro.com/product/p024/
SmartMathPro,พิชิตสสารและความร้อน,พี่ฟาร์ม PhysicsFarm,อื่นๆ,ติวเนื้อหา/เสริมเกรด,วิดีโอ (ออนไลน์),28.0,1450.0,51.79,https://online.smartmathpro.com/product/x006/
SmartMathPro,PACK A-Level คณิต 1 (V.เต็ม + ตะลุยโจทย์),พี่ปั้น SmartMathPro,คณิตศาสตร์,คอร์สแพ็กเกจ,วิดีโอ (ออนไลน์),359.0,9590.0,26.71,https://online.smartmathpro.com/product/m114/
SmartMathPro,PACK A-Level ไทย-สังคม (V.รวบรัด + ตะลุยโจทย์ + Mock Test Vol.1),"อ.ขลุ่ย, ครูกอล์ฟ",อื่นๆ,คอร์สแพ็กเกจ,วิดีโอ (ออนไลน์),96.0,4290.0,44.69,https://online.smartmathpro.com/product/p017/
SmartMathPro,พิชิตเอกซ์โพเนนเชียล และ ลอการิทึม,พี่ปั้น SmartMathPro,อื่นๆ,ติวเนื้อหา/เสริมเกรด,วิดีโอ (ออนไลน์),23.0,990.0,43.04,https://online.smartmathpro.com/product/f006/
SmartMathPro,PACK TPAT3 (V.เต็ม) + A-Level คณิต 1 (V.เต็ม),"พี่ปั้น SmartMathPro, พี่ฟาร์ม PhysicsFarm",Mixed,คอร์สแพ็กเกจ,วิดีโอ (ออนไลน์),306.0,8890.0,29.05,https://online.smartmathpro.com/product/r022/
SmartMathPro,PACK A-Level คณิต 2 (V.เต็ม) + ภาษาอังกฤษ (V.เต็ม) + TGAT (V.เต็ม),"พี่ปั้น SmartMathPro, อ.ขลุ่ย, พี่หนู",Mixed,คอร์สแพ็กเกจ,วิดีโอ (ออนไลน์),205.0,7790.0,38.0,https://online.smartmathpro.com/product/d078/
SmartMathPro,พิชิต TPAT1 (พาร์ตเชื่อมโยง&เชาวน์ไทย),อ.ขลุ่ย,ความถนัด/TGAT/TPAT,ติวเนื้อหา/เสริมเกรด,วิดีโอ (ออนไลน์),22.0,1190.0,54.09,https://online.smartmathpro.com/product/c006/
SmartMathPro,PACK TPAT5 (V.เต็ม + Mock Test Vol.1),ครูกอล์ฟ,ความถนัด/TGAT/TPAT,คอร์สแพ็กเกจ,วิดีโอ (ออนไลน์),20.0,980.0,49.0,https://online.smartmathpro.com/product/v011/
SmartMathPro,PACK Buffet เนื้อหาคณิตม.ปลาย ม.4 – ม.6 + พิชิตคณิตพื้นฐาน ม.4-6 + ปรับพื้นคณิตพิชิตม.ปลาย,พี่ปั้น SmartMathPro,คณิตศาสตร์,คอร์สแพ็กเกจ,วิดีโอ (ออนไลน์),433.0,14190.0,32.77,https://online.smartmathpro.com/product/q010/
SmartMathPro,พิชิตไฟฟ้า,พี่ฟาร์ม PhysicsFarm,อื่นๆ,ติวเนื้อหา/เสริมเกรด,วิดีโอ (ออนไลน์),36.0,1790.0,49.72,https://online.smartmathpro.com/product/x005/
SmartMathPro,PACK คณิต ม.4 เทอม 1+2 + พิชิตคณิตพื้นฐาน ม.4 + ปรับพื้นคณิตพิชิตม.ปลาย,พี่ปั้น SmartMathPro,คณิตศาสตร์,คอร์สแพ็กเกจ,วิดีโอ (ออนไลน์),186.0,6450.0,34.68,https://online.smartmathpro.com/product/e037/
SmartMathPro,PACK A-Level ฟิสิกส์ (V.เต็ม),พี่ฟาร์ม PhysicsFarm,ฟิสิกส์,คอร์สแพ็กเกจ,วิดีโอ (ออนไลน์),177.0,6990.0,39.49,https://online.smartmathpro.com/product/x008/
SmartMathPro,PACK A-Level ภาษาไทย (V.รวบรัด + Mock Test Vol.1),อ.ขลุ่ย,อื่นๆ,คอร์สแพ็กเกจ,วิดีโอ (ออนไลน์),23.0,1450.0,63.04,https://online.smartmathpro.com/product/p013/
SmartMathPro,PACK A-Level ภาษาอังกฤษ (V.เต็ม) + ไทย-สังคม (V.เต็ม) + TGAT (V.เต็ม),"พี่ปั้น SmartMathPro, อ.ขลุ่ย, พี่หนู, ครูกอล์ฟ",Mixed,คอร์สแพ็กเกจ,วิดีโอ (ออนไลน์),266.0,9050.0,34.02,https://online.smartmathpro.com/product/y008/
SmartMathPro,พิชิตกลศาสตร์,พี่ฟาร์ม PhysicsFarm,อื่นๆ,ติวเนื้อหา/เสริมเกรด,วิดีโอ (ออนไลน์),52.0,2690.0,51.73,https://online.smartmathpro.com/product/x003/
SmartMathPro,พิชิตคลื่น แสง เสียง,พี่ฟาร์ม PhysicsFarm,อื่นๆ,ติวเนื้อหา/เสริมเกรด,วิดีโอ (ออนไลน์),37.0,1590.0,42.97,https://online.smartmathpro.com/product/x004/
SmartMathPro,PACK คณิต ม.5 เทอม 2 + ปรับพื้นคณิตพิชิตม.ปลาย,พี่ปั้น SmartMathPro,คณิตศาสตร์,คอร์สแพ็กเกจ,วิดีโอ (ออนไลน์),65.0,2850.0,43.85,https://online.smartmathpro.com/product/e026/
SmartMathPro,PACK TPAT1 (ครบ 3 พาร์ต),"พี่ปั้น SmartMathPro, อ.ขลุ่ย, พี่หมออู๋",ความถนัด/TGAT/TPAT,คอร์สแพ็กเกจ,วิดีโอ (ออนไลน์),74.0,3490.0,47.16,https://online.smartmathpro.com/product/c007/
SmartMathPro,PACK คณิต ม.4 เทอม 1 + ปรับพื้นคณิตพิชิตม.ปลาย,พี่ปั้น SmartMathPro,คณิตศาสตร์,คอร์สแพ็กเกจ,วิดีโอ (ออนไลน์),88.0,3490.0,39.66,https://online.smartmathpro.com/product/e018/
SmartMathPro,พิชิต A-Level ชีววิทยา (V.รวบรัด),พี่หนุ่ม,อื่นๆ,ติวเนื้อหา/เสริมเกรด,วิดีโอ (ออนไลน์),80.0,2990.0,37.38,https://online.smartmathpro.com/product/z001/
SmartMathPro,พิชิต A-Level คณิต 1 เล่ม 3,พี่ปั้น SmartMathPro,คณิตศาสตร์,ติวเนื้อหา/เสริมเกรด,วิดีโอ (ออนไลน์),70.0,2690.0,38.43,https://online.smartmathpro.com/product/m111/
SmartMathPro,PACK คณิต ม.4 เทอม 2 + ปรับพื้นคณิตพิชิตม.ปลาย,พี่ปั้น SmartMathPro,คณิตศาสตร์,คอร์สแพ็กเกจ,วิดีโอ (ออนไลน์),104.0,3690.0,35.48,https://online.smartmathpro.com/product/e020/
SmartMathPro,PACK A-Level คณิต 2 (V.เต็ม) + ภาษาอังกฤษ (V.เต็ม) + ไทย-สังคม (V.เต็ม) + TGAT (V.เต็ม),"พี่ปั้น SmartMathPro, อ.ขลุ่ย, พี่หนู, ครูกอล์ฟ",Mixed,คอร์สแพ็กเกจ,วิดีโอ (ออนไลน์),326.0,10790.0,33.1,https://online.smartmathpro.com/product/d079/
SmartMathPro,PACK คณิต ม.4 เทอม 1,พี่ปั้น SmartMathPro,คณิตศาสตร์,คอร์สแพ็กเกจ,วิดีโอ (ออนไลน์),62.0,2550.0,41.13,https://online.smartmathpro.com/product/e003/
SmartMathPro,พิชิตความสัมพันธ์และฟังก์ชัน,พี่ปั้น SmartMathPro,อื่นๆ,ติวเนื้อหา/เสริมเกรด,วิดีโอ (ออนไลน์),29.0,1190.0,41.03,https://online.smartmathpro.com/product/f004/
SmartMathPro,PACK คณิต ม.4 เทอม 2,พี่ปั้น SmartMathPro,คณิตศาสตร์,คอร์สแพ็กเกจ,วิดีโอ (ออนไลน์),78.0,2750.0,35.26,https://online.smartmathpro.com/product/e004/
SmartMathPro,PACK คณิต ม.6 เทอม 1+2,พี่ปั้น SmartMathPro,คณิตศาสตร์,คอร์สแพ็กเกจ,วิดีโอ (ออนไลน์),97.0,4150.0,42.78,https://online.smartmathpro.com/product/e009/
SmartMathPro,พิชิต TPAT1 (พาร์ตเชาวน์ปัญญาคณิต),พี่ปั้น SmartMathPro,Mixed,ติวเนื้อหา/เสริมเกรด,วิดีโอ (ออนไลน์),35.0,1890.0,54.0,https://online.smartmathpro.com/product/c004/
SmartMathPro,พิชิตเวกเตอร์,พี่ปั้น SmartMathPro,อื่นๆ,ติวเนื้อหา/เสริมเกรด,วิดีโอ (ออนไลน์),20.0,1290.0,64.5,https://online.smartmathpro.com/product/f008/
SmartMathPro,พิชิตแคลคูลัส,พี่ปั้น SmartMathPro,อื่นๆ,ติวเนื้อหา/เสริมเกรด,วิดีโอ (ออนไลน์),29.0,1790.0,61.72,https://online.smartmathpro.com/product/f013/
SmartMathPro,PACK A-Level คณิต 2 (V.เต็ม + ตะลุยโจทย์ + Mock Test Vol.1-4),พี่ปั้น SmartMathPro,คณิตศาสตร์,คอร์สแพ็กเกจ,วิดีโอ (ออนไลน์),124.0,4150.0,33.47,https://online.smartmathpro.com/product/d043/
SmartMathPro,พิชิตตรรกศาสตร์,พี่ปั้น SmartMathPro,อื่นๆ,ติวเนื้อหา/เสริมเกรด,วิดีโอ (ออนไลน์),16.0,850.0,53.12,https://online.smartmathpro.com/product/f002/
SmartMathPro,"พิชิต TGAT2,3 (V.เต็ม)","พี่ปั้น SmartMathPro, อ.ขลุ่ย",ความถนัด/TGAT/TPAT,ติวเนื้อหา/เสริมเกรด,วิดีโอ (ออนไลน์),55.0,1990.0,36.18,https://online.smartmathpro.com/product/l020/
SmartMathPro,PACK คณิต ม.5 เทอม 1+2 + พิชิตคณิตพื้นฐาน ม.5 + ปรับพื้นคณิตพิชิตม.ปลาย,พี่ปั้น SmartMathPro,คณิตศาสตร์,คอร์สแพ็กเกจ,วิดีโอ (ออนไลน์),156.0,6050.0,38.78,https://online.smartmathpro.com/product/e041/
SmartMathPro,PACK A-Level คณิต 1 (V.เต็ม) + TGAT (V.เต็ม),"พี่ปั้น SmartMathPro, อ.ขลุ่ย, พี่หนู",Mixed,คอร์สแพ็กเกจ,วิดีโอ (ออนไลน์),325.0,9450.0,29.08,https://online.smartmathpro.com/product/m123/
SmartMathPro,พิชิต TPAT3 (V.เต็ม),"พี่ปั้น SmartMathPro, พี่ฟาร์ม PhysicsFarm",ความถนัด/TGAT/TPAT,ติวเนื้อหา/เสริมเกรด,วิดีโอ (ออนไลน์),76.0,2890.0,38.03,https://online.smartmathpro.com/product/r021/
SmartMathPro,PACK คณิต ม.4 เทอม 1+2,พี่ปั้น SmartMathPro,คณิตศาสตร์,คอร์สแพ็กเกจ,วิดีโอ (ออนไลน์),140.0,4990.0,35.64,https://online.smartmathpro.com/product/e007/
SmartMathPro,PACK คณิต ม.4 เทอม 1+2 + พิชิตคณิตพื้นฐาน ม.4,พี่ปั้น SmartMathPro,คณิตศาสตร์,คอร์สแพ็กเกจ,วิดีโอ (ออนไลน์),160.0,5550.0,34.69,https://online.smartmathpro.com/product/e036/
SmartMathPro,PACK A-Level คณิต 1 (V.เต็ม) + ภาษาอังกฤษ (V.เต็ม) + ไทย-สังคม (V.เต็ม) + TGAT (V.เต็ม),"พี่ปั้น SmartMathPro, อ.ขลุ่ย, พี่หนู, ครูกอล์ฟ",Mixed,คอร์สแพ็กเกจ,วิดีโอ (ออนไลน์),496.0,15090.0,30.42,https://online.smartmathpro.com/product/m126/
SmartMathPro,"PACK A-Level คณิต 1,2 (V.เต็ม)",พี่ปั้น SmartMathPro,คณิตศาสตร์,คอร์สแพ็กเกจ,วิดีโอ (ออนไลน์),290.0,8290.0,28.59,https://online.smartmathpro.com/product/m117/
SmartMathPro,พิชิตสถิติและการแจกแจงความน่าจะเป็น,พี่ปั้น SmartMathPro,อื่นๆ,ติวเนื้อหา/เสริมเกรด,วิดีโอ (ออนไลน์),39.0,1990.0,51.03,https://online.smartmathpro.com/product/f014/
SmartMathPro,PACK คณิต ม.4 เทอม 1+2 + ปรับพื้นคณิตพิชิตม.ปลาย,พี่ปั้น SmartMathPro,คณิตศาสตร์,คอร์สแพ็กเกจ,วิดีโอ (ออนไลน์),166.0,5850.0,35.24,https://online.smartmathpro.com/product/e022/
SmartMathPro,PACK A-Level คณิต 1 (V.เต็ม),พี่ปั้น SmartMathPro,คณิตศาสตร์,คอร์สแพ็กเกจ,วิดีโอ (ออนไลน์),230.0,6790.0,29.52,https://online.smartmathpro.com/product/m112/
SmartMathPro,PACK A-Level ไทย-สังคม (V.รวบรัด),"อ.ขลุ่ย, ครูกอล์ฟ",อื่นๆ,คอร์สแพ็กเกจ,วิดีโอ (ออนไลน์),50.0,2290.0,45.8,https://online.smartmathpro.com/product/p003/
SmartMathPro,PACK A-Level คณิต 2 (V.เต็ม + Mock Test Vol.1-4),พี่ปั้น SmartMathPro,คณิตศาสตร์,คอร์สแพ็กเกจ,วิดีโอ (ออนไลน์),74.0,2790.0,37.7,https://online.smartmathpro.com/product/d041/
SmartMathPro,PACK คณิต ม.5 เทอม 1+2 + ปรับพื้นคณิตพิชิตม.ปลาย,พี่ปั้น SmartMathPro,คณิตศาสตร์,คอร์สแพ็กเกจ,วิดีโอ (ออนไลน์),136.0,5450.0,40.07,https://online.smartmathpro.com/product/e028/
SmartMathPro,PACK A-Level คณิต 1 (V.เต็ม) + ฟิสิกส์ (V.เต็ม) + ชีววิทยา (V.รวบรัด) + ภาษาอังกฤษ (V.เต็ม) + TGAT (V.เต็ม),"พี่ปั้น SmartMathPro, อ.ขลุ่ย, พี่หนู, พี่ฟาร์ม PhysicsFarm, พี่หนุ่ม",Mixed,คอร์สแพ็กเกจ,วิดีโอ (ออนไลน์),632.0,21490.0,34.0,https://online.smartmathpro.com/product/m127/
SmartMathPro,พิชิต TPAT5 (V.เต็ม),ครูกอล์ฟ,ความถนัด/TGAT/TPAT,ติวเนื้อหา/เสริมเกรด,วิดีโอ (ออนไลน์),15.0,790.0,52.67,https://online.smartmathpro.com/product/v001/
SmartMathPro,พิชิตตรีโกณมิติ,พี่ปั้น SmartMathPro,อื่นๆ,ติวเนื้อหา/เสริมเกรด,วิดีโอ (ออนไลน์),38.0,1590.0,41.84,https://online.smartmathpro.com/product/f007/
SmartMathPro,พิชิตเมทริกซ์,พี่ปั้น SmartMathPro,อื่นๆ,ติวเนื้อหา/เสริมเกรด,วิดีโอ (ออนไลน์),13.0,850.0,65.38,https://online.smartmathpro.com/product/f009/
SmartMathPro,PACK Buffet เนื้อหาคณิตม.ปลาย ม.5 – ม.6,พี่ปั้น SmartMathPro,คณิตศาสตร์,คอร์สแพ็กเกจ,วิดีโอ (ออนไลน์),207.0,8150.0,39.37,https://online.smartmathpro.com/product/q005/
SmartMathPro,ปรับพื้นคณิตพิชิตม.ปลาย,พี่ปั้น SmartMathPro,คณิตศาสตร์,ติวเนื้อหา/เสริมเกรด,วิดีโอ (ออนไลน์),26.0,1190.0,45.77,https://online.smartmathpro.com/product/k001/
SmartMathPro,PACK A-Level ภาษาไทย (V.เต็ม + Mock Test Vol.1),อ.ขลุ่ย,อื่นๆ,คอร์สแพ็กเกจ,วิดีโอ (ออนไลน์),45.0,1750.0,38.89,https://online.smartmathpro.com/product/p022/
SmartMathPro,"พิชิต A-Level คณิต 1 เล่ม 1,2",พี่ปั้น SmartMathPro,คณิตศาสตร์,ติวเนื้อหา/เสริมเกรด,วิดีโอ (ออนไลน์),160.0,4890.0,30.56,https://online.smartmathpro.com/product/m110/
SmartMathPro,พิชิต A-Level คณิต 2 (V.เต็ม),พี่ปั้น SmartMathPro,คณิตศาสตร์,ติวเนื้อหา/เสริมเกรด,วิดีโอ (ออนไลน์),60.0,2190.0,36.5,https://online.smartmathpro.com/product/d040/
SmartMathPro,PACK A-Level คณิต 2 (V.เต็ม + ตะลุยโจทย์) + ปรับพื้นคณิตพิชิตม.ปลาย,พี่ปั้น SmartMathPro,คณิตศาสตร์,คอร์สแพ็กเกจ,วิดีโอ (ออนไลน์),136.0,4650.0,34.19,https://online.smartmathpro.com/product/d064/
SmartMathPro,PACK A-Level คณิต 1 (V.เต็ม + ตะลุยโจทย์ + Mock Test Vol.1-6),พี่ปั้น SmartMathPro,คณิตศาสตร์,คอร์สแพ็กเกจ,วิดีโอ (ออนไลน์),391.0,10450.0,26.73,https://online.smartmathpro.com/product/m115/
SmartMathPro,พิชิตการนับและความน่าจะเป็น,พี่ปั้น SmartMathPro,อื่นๆ,ติวเนื้อหา/เสริมเกรด,วิดีโอ (ออนไลน์),24.0,1390.0,57.92,https://online.smartmathpro.com/product/f011/
SmartMathPro,PACK Buffet เนื้อหาคณิตม.ปลาย ม.5 – ม.6 + ปรับพื้นคณิตพิชิตม.ปลาย,พี่ปั้น SmartMathPro,คณิตศาสตร์,คอร์สแพ็กเกจ,วิดีโอ (ออนไลน์),233.0,8990.0,38.58,https://online.smartmathpro.com/product/q006/
SmartMathPro,พิชิต A-Level ภาษาอังกฤษ (V.เต็ม),พี่หนู,ภาษาอังกฤษ,ติวเนื้อหา/เสริมเกรด,วิดีโอ (ออนไลน์),50.0,3290.0,65.8,https://online.smartmathpro.com/product/y007/
SmartMathPro,PACK A-Level คณิต 1 (V.เต็ม) + ชีววิทยา (V.รวบรัด),"พี่ปั้น SmartMathPro, พี่หนุ่ม",คณิตศาสตร์,คอร์สแพ็กเกจ,วิดีโอ (ออนไลน์),310.0,8950.0,28.87,https://online.smartmathpro.com/product/m121/
SmartMathPro,ตะลุยข้อสอบ A-Level คณิต 2,พี่ปั้น SmartMathPro,คณิตศาสตร์,ติวเนื้อหา/เสริมเกรด,วิดีโอ (ออนไลน์),50.0,1790.0,35.8,https://online.smartmathpro.com/product/d008/
SmartMathPro,PACK คณิต ม.5 เทอม 1+2,พี่ปั้น SmartMathPro,คณิตศาสตร์,คอร์สแพ็กเกจ,วิดีโอ (ออนไลน์),110.0,4550.0,41.36,https://online.smartmathpro.com/product/e008/
SmartMathPro,PACK TPAT1 (ครบ 3 พาร์ต) + A-Level คณิต 1 (V.เต็ม) + ฟิสิกส์ (V.เต็ม) + ชีววิทยา (V.รวบรัด) + ภาษาอังกฤษ (V.เต็ม) + ไทย-สังคม (V.รวบรัด),"พี่ปั้น SmartMathPro, อ.ขลุ่ย, พี่หนู, พี่ฟาร์ม PhysicsFarm, ครูกอล์ฟ, พี่หนุ่ม, พี่หมออู๋",Mixed,คอร์สแพ็กเกจ,วิดีโอ (ออนไลน์),661.0,23450.0,35.48,https://online.smartmathpro.com/product/c032/
SmartMathPro,PACK A-Level ไทย-สังคม (V.เต็ม + ตะลุยโจทย์ + Mock Test Vol.1),"อ.ขลุ่ย, ครูกอล์ฟ",อื่นๆ,คอร์สแพ็กเกจ,วิดีโอ (ออนไลน์),167.0,5250.0,31.44,https://online.smartmathpro.com/product/p026/
SmartMathPro,PACK TPAT3 (V.เต็ม) + A-Level คณิต 1 (V.เต็ม) + ฟิสิกส์ (V.เต็ม) + TGAT (V.เต็ม),"พี่ปั้น SmartMathPro, อ.ขลุ่ย, พี่หนู, พี่ฟาร์ม PhysicsFarm",Mixed,คอร์สแพ็กเกจ,วิดีโอ (ออนไลน์),578.0,18790.0,32.51,https://online.smartmathpro.com/product/r026/
SmartMathPro,พิชิตฟิสิกส์แผนใหม่,พี่ฟาร์ม PhysicsFarm,ฟิสิกส์,ติวเนื้อหา/เสริมเกรด,วิดีโอ (ออนไลน์),24.0,1250.0,52.08,https://online.smartmathpro.com/product/x007/
SmartMathPro,PACK A-Level คณิต 1 (V.เต็ม) + ภาษาอังกฤษ (V.เต็ม) + TGAT (V.เต็ม),"พี่ปั้น SmartMathPro, อ.ขลุ่ย, พี่หนู",Mixed,คอร์สแพ็กเกจ,วิดีโอ (ออนไลน์),375.0,12090.0,32.24,https://online.smartmathpro.com/product/m124/
SmartMathPro,พิชิต A-Level สังคมศึกษา (V.เต็ม),ครูกอล์ฟ,อื่นๆ,ติวเนื้อหา/เสริมเกรด,วิดีโอ (ออนไลน์),79.0,2190.0,27.72,https://online.smartmathpro.com/product/p020/
SmartMathPro,PACK A-Level ไทย-สังคม (V.เต็ม) + TGAT (V.เต็ม),"พี่ปั้น SmartMathPro, อ.ขลุ่ย, พี่หนู, ครูกอล์ฟ",ความถนัด/TGAT/TPAT,คอร์สแพ็กเกจ,วิดีโอ (ออนไลน์),216.0,6390.0,29.58,https://online.smartmathpro.com/product/p028/
SmartMathPro,PACK Buffet เนื้อหาคณิตม.ปลาย ม.4 – ม.6 + พิชิตคณิตพื้นฐาน ม.4-6,พี่ปั้น SmartMathPro,คณิตศาสตร์,คอร์สแพ็กเกจ,วิดีโอ (ออนไลน์),407.0,13450.0,33.05,https://online.smartmathpro.com/product/q009/
SmartMathPro,PACK คณิต ม.6 เทอม 1+2 + พิชิตคณิตพื้นฐาน ม.6,พี่ปั้น SmartMathPro,คณิตศาสตร์,คอร์สแพ็กเกจ,วิดีโอ (ออนไลน์),117.0,4750.0,40.6,https://online.smartmathpro.com/product/e042/
SmartMathPro,PACK A-Level คณิต 2 (V.เต็ม) + TGAT (V.เต็ม),"พี่ปั้น SmartMathPro, อ.ขลุ่ย, พี่หนู",Mixed,คอร์สแพ็กเกจ,วิดีโอ (ออนไลน์),155.0,5490.0,35.42,https://online.smartmathpro.com/product/d075/
SmartMathPro,PACK A-Level ไทย-สังคม (V.เต็ม + ตะลุยโจทย์),"อ.ขลุ่ย, ครูกอล์ฟ",อื่นๆ,คอร์สแพ็กเกจ,วิดีโอ (ออนไลน์),161.0,4950.0,30.75,https://online.smartmathpro.com/product/p025/
SmartMathPro,PACK A-Level คณิต 1 (V.เต็ม) + ภาษาอังกฤษ (V.เต็ม),"พี่ปั้น SmartMathPro, พี่หนู",Mixed,คอร์สแพ็กเกจ,วิดีโอ (ออนไลน์),280.0,9190.0,32.82,https://online.smartmathpro.com/product/m122/
SmartMathPro,PACK คณิต ม.5 เทอม 1 + ปรับพื้นคณิตพิชิตม.ปลาย,พี่ปั้น SmartMathPro,คณิตศาสตร์,คอร์สแพ็กเกจ,วิดีโอ (ออนไลน์),97.0,3890.0,40.1,https://online.smartmathpro.com/product/e024/
SmartMathPro,PACK A-Level คณิต 1 (V.เต็ม) + ฟิสิกส์ (V.เต็ม),"พี่ปั้น SmartMathPro, พี่ฟาร์ม PhysicsFarm",Mixed,คอร์สแพ็กเกจ,วิดีโอ (ออนไลน์),407.0,13050.0,32.06,https://online.smartmathpro.com/product/m120/
SmartMathPro,PACK A-Level คณิต 2 (V.เต็ม + ตะลุยโจทย์),พี่ปั้น SmartMathPro,คณิตศาสตร์,คอร์สแพ็กเกจ,วิดีโอ (ออนไลน์),110.0,3550.0,32.27,https://online.smartmathpro.com/product/d042/
SmartMathPro,PACK A-Level ฟิสิกส์ (V.เต็ม) + ชีววิทยา (V.รวบรัด),"พี่ฟาร์ม PhysicsFarm, พี่หนุ่ม",ฟิสิกส์,คอร์สแพ็กเกจ,วิดีโอ (ออนไลน์),257.0,9390.0,36.54,https://online.smartmathpro.com/product/x010/
SmartMathPro,PACK A-Level คณิต 2 (V.เต็ม + ตะลุยโจทย์) + ไทย-สังคม (V.เต็ม) + TGAT (V.เต็ม),"พี่ปั้น SmartMathPro, อ.ขลุ่ย, พี่หนู, ครูกอล์ฟ",Mixed,คอร์สแพ็กเกจ,วิดีโอ (ออนไลน์),326.0,9590.0,29.42,https://online.smartmathpro.com/product/d077/
SmartMathPro,พิชิตคณิตพื้นฐาน ม.6,พี่ปั้น SmartMathPro,คณิตศาสตร์,ติวเนื้อหา/เสริมเกรด,วิดีโอ (ออนไลน์),20.0,790.0,39.5,https://online.smartmathpro.com/product/f017/
SmartMathPro,PACK คณิต ม.4 เทอม 1 + พิชิตคณิตพื้นฐาน ม.4,พี่ปั้น SmartMathPro,คณิตศาสตร์,คอร์สแพ็กเกจ,วิดีโอ (ออนไลน์),82.0,3150.0,38.41,https://online.smartmathpro.com/product/e033/
SmartMathPro,PACK Buffet เนื้อหาคณิตม.ปลาย ม.5 – ม.6 + พิชิตคณิตพื้นฐาน ม.4-6,พี่ปั้น SmartMathPro,คณิตศาสตร์,คอร์สแพ็กเกจ,วิดีโอ (ออนไลน์),267.0,9790.0,36.67,https://online.smartmathpro.com/product/q011/
SmartMathPro,PACK A-Level ไทย-สังคม (V.รวบรัด + Mock Test Vol.1),"อ.ขลุ่ย, ครูกอล์ฟ",อื่นๆ,คอร์สแพ็กเกจ,วิดีโอ (ออนไลน์),56.0,2650.0,47.32,https://online.smartmathpro.com/product/p015/
SmartMathPro,PACK TPAT1 (ครบ 3 พาร์ต) + A-Level คณิต 1 (V.เต็ม),"พี่ปั้น SmartMathPro, อ.ขลุ่ย, พี่หมออู๋",Mixed,คอร์สแพ็กเกจ,วิดีโอ (ออนไลน์),304.0,9350.0,30.76,https://online.smartmathpro.com/product/c028/
SmartMathPro,พิชิตคณิตพื้นฐาน ม.4,พี่ปั้น SmartMathPro,คณิตศาสตร์,ติวเนื้อหา/เสริมเกรด,วิดีโอ (ออนไลน์),20.0,790.0,39.5,https://online.smartmathpro.com/product/f015/
SmartMathPro,PACK Buffet เนื้อหาคณิตม.ปลาย ม.4 – ม.6 + ปรับพื้นคณิตพิชิตม.ปลาย,พี่ปั้น SmartMathPro,คณิตศาสตร์,คอร์สแพ็กเกจ,วิดีโอ (ออนไลน์),373.0,12690.0,34.02,https://online.smartmathpro.com/product/q002/
SmartMathPro,PACK พิชิตคณิตพื้นฐาน ม.4-6,พี่ปั้น SmartMathPro,คณิตศาสตร์,คอร์สแพ็กเกจ,วิดีโอ (ออนไลน์),60.0,1890.0,31.5,https://online.smartmathpro.com/product/e032/
SmartMathPro,PACK TPAT5 (V.เต็ม) + A-Level คณิต 1 (V.เต็ม) + TGAT (V.เต็ม),"พี่ปั้น SmartMathPro, อ.ขลุ่ย, พี่หนู, ครูกอล์ฟ",Mixed,คอร์สแพ็กเกจ,วิดีโอ (ออนไลน์),340.0,10090.0,29.68,https://online.smartmathpro.com/product/v013/
SmartMathPro,PACK Buffet เนื้อหาคณิตม.ปลาย ม.5 – ม.6 + พิชิตคณิตพื้นฐาน ม.4-6 + ปรับพื้นคณิตพิชิตม.ปลาย,พี่ปั้น SmartMathPro,คณิตศาสตร์,คอร์สแพ็กเกจ,วิดีโอ (ออนไลน์),293.0,10650.0,36.35,https://online.smartmathpro.com/product/q012/
SmartMathPro,PACK A-Level คณิต 1 (V.เต็ม) + ปรับพื้นคณิตพิชิตม.ปลาย,พี่ปั้น SmartMathPro,คณิตศาสตร์,คอร์สแพ็กเกจ,วิดีโอ (ออนไลน์),256.0,7890.0,30.82,https://online.smartmathpro.com/product/m116/
SmartMathPro,PACK คณิต ม.5 เทอม 2,พี่ปั้น SmartMathPro,คณิตศาสตร์,คอร์สแพ็กเกจ,วิดีโอ (ออนไลน์),39.0,1890.0,48.46,https://online.smartmathpro.com/product/e006/
SmartMathPro,PACK Buffet เนื้อหาคณิตม.ปลาย ม.4 – ม.6,พี่ปั้น SmartMathPro,คณิตศาสตร์,คอร์สแพ็กเกจ,วิดีโอ (ออนไลน์),347.0,11890.0,34.27,https://online.smartmathpro.com/product/q001/
SmartMathPro,"PACK A-Level คณิต 1,2 (V.เต็ม) + TGAT (V.เต็ม)","พี่ปั้น SmartMathPro, อ.ขลุ่ย, พี่หนู",Mixed,คอร์สแพ็กเกจ,วิดีโอ (ออนไลน์),385.0,11190.0,29.06,https://online.smartmathpro.com/product/m119/
SmartMathPro,PACK A-Level คณิต 1 (V.เต็ม) + ชีววิทยา (V.รวบรัด) + ภาษาอังกฤษ (V.เต็ม) + TGAT (V.เต็ม),"พี่ปั้น SmartMathPro, อ.ขลุ่ย, พี่หนู, พี่หนุ่ม",Mixed,คอร์สแพ็กเกจ,วิดีโอ (ออนไลน์),455.0,14490.0,31.85,https://online.smartmathpro.com/product/m125/
SmartMathPro,PACK TPAT3 (V.เต็ม) + A-Level ฟิสิกส์ (V.เต็ม) + TGAT (V.เต็ม),"พี่ปั้น SmartMathPro, อ.ขลุ่ย, พี่หนู, พี่ฟาร์ม PhysicsFarm",Mixed,คอร์สแพ็กเกจ,วิดีโอ (ออนไลน์),348.0,12750.0,36.64,https://online.smartmathpro.com/product/r025/
SmartMathPro,"PACK A-Level คณิต 2 (V.เต็ม + ตะลุยโจทย์) + TGAT (V.เต็ม + ตะลุยโจทย์ TGAT2,3)","พี่ปั้น SmartMathPro, อ.ขลุ่ย, พี่หนู",Mixed,คอร์สแพ็กเกจ,วิดีโอ (ออนไลน์),250.0,7690.0,30.76,https://online.smartmathpro.com/product/d076/
SmartMathPro,PACK คณิต ม.4 เทอม 1 + พิชิตคณิตพื้นฐาน ม.4 + ปรับพื้นคณิตพิชิตม.ปลาย,พี่ปั้น SmartMathPro,คณิตศาสตร์,คอร์สแพ็กเกจ,วิดีโอ (ออนไลน์),108.0,4090.0,37.87,https://online.smartmathpro.com/product/e034/
SmartMathPro,พิชิตเรขาคณิตวิเคราะห์และภาคตัดกรวย,พี่ปั้น SmartMathPro,คณิตศาสตร์,ติวเนื้อหา/เสริมเกรด,วิดีโอ (ออนไลน์),26.0,1290.0,49.62,https://online.smartmathpro.com/product/f005/
SmartMathPro,PACK A-Level ไทย-สังคม (V.รวบรัด + ตะลุยโจทย์),"อ.ขลุ่ย, ครูกอล์ฟ",อื่นๆ,คอร์สแพ็กเกจ,วิดีโอ (ออนไลน์),90.0,3990.0,44.33,https://online.smartmathpro.com/product/p011/
SmartMathPro,PACK คณิต ม.5 เทอม 1 + พิชิตคณิตพื้นฐาน ม.5,พี่ปั้น SmartMathPro,คณิตศาสตร์,คอร์สแพ็กเกจ,วิดีโอ (ออนไลน์),91.0,3590.0,39.45,https://online.smartmathpro.com/product/e038/
SmartMathPro,PACK คณิต ม.5 เทอม 1,พี่ปั้น SmartMathPro,คณิตศาสตร์,คอร์สแพ็กเกจ,วิดีโอ (ออนไลน์),71.0,2950.0,41.55,https://online.smartmathpro.com/product/e005/
SmartMathPro,PACK TPAT5 (V.เต็ม) + A-Level ภาษาอังกฤษ (V.เต็ม) + ไทย-สังคม (V.เต็ม) + TGAT (V.เต็ม),"พี่ปั้น SmartMathPro, อ.ขลุ่ย, พี่หนู, ครูกอล์ฟ",Mixed,คอร์สแพ็กเกจ,วิดีโอ (ออนไลน์),281.0,9690.0,34.48,https://online.smartmathpro.com/product/v014/
SmartMathPro,PACK A-Level สังคมศึกษา (V.เต็ม + Mock Test Vol.1),ครูกอล์ฟ,อื่นๆ,คอร์สแพ็กเกจ,วิดีโอ (ออนไลน์),82.0,2350.0,28.66,https://online.smartmathpro.com/product/p023/
SmartMathPro,PACK TPAT1 (ครบ 3 พาร์ต) + A-Level คณิต 1 (V.เต็ม) + ฟิสิกส์ (V.เต็ม) + ชีววิทยา (V.รวบรัด),"พี่ปั้น SmartMathPro, อ.ขลุ่ย, พี่ฟาร์ม PhysicsFarm, พี่หมออู๋",Mixed,คอร์สแพ็กเกจ,วิดีโอ (ออนไลน์),561.0,18750.0,33.42,https://online.smartmathpro.com/product/c031/
SmartMathPro,พิชิตเซต,พี่ปั้น SmartMathPro,อื่นๆ,ติวเนื้อหา/เสริมเกรด,วิดีโอ (ออนไลน์),13.0,750.0,57.69,https://online.smartmathpro.com/product/f001/
SmartMathPro,พิชิตคณิตพื้นฐาน ม.5,พี่ปั้น SmartMathPro,คณิตศาสตร์,ติวเนื้อหา/เสริมเกรด,วิดีโอ (ออนไลน์),20.0,790.0,39.5,https://online.smartmathpro.com/product/f016/
SmartMathPro,พิชิตจำนวนเชิงซ้อน,พี่ปั้น SmartMathPro,อื่นๆ,ติวเนื้อหา/เสริมเกรด,วิดีโอ (ออนไลน์),15.0,990.0,66.0,https://online.smartmathpro.com/product/f010/
SmartMathPro,"PACK TPAT3 (V.เต็ม) + TGAT (V.เต็ม + ตะลุยโจทย์ TGAT2,3)","พี่ปั้น SmartMathPro, อ.ขลุ่ย, พี่หนู, พี่ฟาร์ม PhysicsFarm",ความถนัด/TGAT/TPAT,คอร์สแพ็กเกจ,วิดีโอ (ออนไลน์),216.0,6790.0,31.44,https://online.smartmathpro.com/product/r024/
SmartMathPro,พิชิตจำนวนจริง,พี่ปั้น SmartMathPro,อื่นๆ,ติวเนื้อหา/เสริมเกรด,วิดีโอ (ออนไลน์),33.0,1590.0,48.18,https://online.smartmathpro.com/product/f003/
SmartMathPro,พิชิต TPAT1 (พาร์ตจริยธรรมแพทย์),พี่หมออู๋,ความถนัด/TGAT/TPAT,ติวเนื้อหา/เสริมเกรด,วิดีโอ (ออนไลน์),17.0,1050.0,61.76,https://online.smartmathpro.com/product/c005/
SmartMathPro,พิชิต TGAT1 (V.เต็ม),พี่หนู,ความถนัด/TGAT/TPAT,ติวเนื้อหา/เสริมเกรด,วิดีโอ (ออนไลน์),40.0,2290.0,57.25,https://online.smartmathpro.com/product/l029/
SmartMathPro,PACK TPAT3 (V.เต็ม) + TGAT (V.เต็ม),"พี่ปั้น SmartMathPro, อ.ขลุ่ย, พี่หนู, พี่ฟาร์ม PhysicsFarm",ความถนัด/TGAT/TPAT,คอร์สแพ็กเกจ,วิดีโอ (ออนไลน์),171.0,6090.0,35.61,https://online.smartmathpro.com/product/r023/
SmartMathPro,PACK คณิต ม.6 เทอม 1+2 + ปรับพื้นคณิตพิชิตม.ปลาย,พี่ปั้น SmartMathPro,คณิตศาสตร์,คอร์สแพ็กเกจ,วิดีโอ (ออนไลน์),123.0,5050.0,41.06,https://online.smartmathpro.com/product/e030/
SmartMathPro,PACK คณิต ม.5 เทอม 1 + พิชิตคณิตพื้นฐาน ม.5 + ปรับพื้นคณิตพิชิตม.ปลาย,พี่ปั้น SmartMathPro,คณิตศาสตร์,คอร์สแพ็กเกจ,วิดีโอ (ออนไลน์),117.0,4550.0,38.89,https://online.smartmathpro.com/product/e039/
SmartMathPro,PACK TGAT (V.เต็ม),"พี่ปั้น SmartMathPro, อ.ขลุ่ย, พี่หนู",ความถนัด/TGAT/TPAT,คอร์สแพ็กเกจ,วิดีโอ (ออนไลน์),95.0,3850.0,40.53,https://online.smartmathpro.com/product/l030/
SmartMathPro,พิชิต A-Level ภาษาไทย (V.เต็ม),อ.ขลุ่ย,อื่นๆ,ติวเนื้อหา/เสริมเกรด,วิดีโอ (ออนไลน์),42.0,1590.0,37.86,https://online.smartmathpro.com/product/p019/
SmartMathPro,"PACK A-Level คณิต 1,2 (V.เต็ม + ตะลุยโจทย์)",พี่ปั้น SmartMathPro,คณิตศาสตร์,คอร์สแพ็กเกจ,วิดีโอ (ออนไลน์),469.0,12190.0,25.99,https://online.smartmathpro.com/product/m118/
SmartMathPro,PACK คณิต ม.5 เทอม 2 + คณิต ม.6 เทอม 1+2,พี่ปั้น SmartMathPro,คณิตศาสตร์,คอร์สแพ็กเกจ,วิดีโอ (ออนไลน์),136.0,5950.0,43.75,https://online.smartmathpro.com/product/e012/
SmartMathPro,PACK TPAT1 (ครบ 3 พาร์ต) + TGAT (V.เต็ม),"พี่ปั้น SmartMathPro, อ.ขลุ่ย, พี่หนู, พี่หมออู๋",ความถนัด/TGAT/TPAT,คอร์สแพ็กเกจ,วิดีโอ (ออนไลน์),169.0,6690.0,39.59,https://online.smartmathpro.com/product/c030/
